Grupo,Categoria
Hortifruti,Frutas
Hortifruti,Verduras e Folhas
Hortifruti,Legumes
Hortifruti,Ervas e Temperos Frescos
Hortifruti,Ovos
Hortifruti,Frutas Secas e Castanhas
Açougue e Peixaria,Carne Bovina
Açougue e Peixaria,Carne Suína
Açougue e Peixaria,Aves (Frango/Peru)
Açougue e Peixaria,Peixes e Frutos do Mar
Açougue e Peixaria,Embutidos (Linguiça/Salsicha)
Açougue e Peixaria,Carnes para Churrasco
Padaria e Matinal,Pães Frescos
Padaria e Matinal,Pães Industrializados
Padaria e Matinal,Bolos e Tortas
Padaria e Matinal,Café e Chá
Padaria e Matinal,Leite e Substitutos
Padaria e Matinal,Achocolatados
Padaria e Matinal,Cereais e Granola
Padaria e Matinal,Mel e Geleias
Laticínios e Frios,Queijos
Laticínios e Frios,Presunto e Apresuntados
Laticínios e Frios,Iogurtes e Fermentados
Laticínios e Frios,Manteiga e Margarina
Laticínios e Frios,Requeijão e Cream Cheese
Mercearia Básica,Arroz
Mercearia Básica,Feijão e Leguminosas
Mercearia Básica,Macarrão e Massas
Mercearia Básica,Óleos e Azeites
Mercearia Básica,Farinhas e Grãos
Mercearia Básica,Açúcar e Adoçantes
Mercearia Básica,Sal
Mercearia Básica,Temperos Secos
Mercearia Básica,Enlatados e Conservas
Mercearia Básica,Molhos e Condimentos
Mercearia Básica,Sopas e Cremes
Lanches e Doces,Biscoitos e Bolachas
Lanches e Doces,Salgadinhos e Chips
Lanches e Doces,Chocolates e Bombons
Lanches e Doces,Balas e Guloseimas
Bebidas,Água Mineral
Bebidas,Sucos e Néctares
Bebidas,Refrigerantes
Bebidas,Cervejas
Bebidas,Vinhos e Espumantes
Bebidas,Destilados
Bebidas,Energéticos e Isotônicos
Congelados,Pratos Prontos
Congelados,Vegetais Congelados
Congelados,Sorvetes
Congelados,Hambúrgueres
Higiene Pessoal,Sabonetes
Higiene Pessoal,Cabelo (Shampoo/Condicionador)
Higiene Pessoal,Higiene Bucal
Higiene Pessoal,Desodorantes
Higiene Pessoal,Cuidados com a Pele
Higiene Pessoal,Higiene Íntima
Higiene Pessoal,Barbear e Depilação
Limpeza,Detergentes e Lava-louças
Limpeza,Sabão para Roupas
Limpeza,Amaciantes
Limpeza,Desinfetantes e Água Sanitária
Limpeza,Limpadores Multiuso
Limpeza,Utensílios de Limpeza
Limpeza,Papel Higiênico e Papel Toalha
Bebê,Fraldas e Lenços
Bebê,Alimentação Infantil
Pet Shop,Ração Cães
Pet Shop,Ração Gatos
Pet Shop,Higiene Pet
Bazar,Descartáveis
Bazar,Lâmpadas e Pilhas
Bazar,Utilidades Domésticas
